<?xml version='1.0'?>
<module>
<exporttime>2010-06-03 10:47:33</exporttime>
<name>ProjectMilestone</name>
<label>ProjectMilestone</label>
<parent>Support</parent>
<version>1.9</version>
<dependencies>
<vtiger_version>5.2.0</vtiger_version>
</dependencies>
<tables>
<table>
<name>vtiger_projectmilestone</name>
<sql><![CDATA[CREATE TABLE `vtiger_projectmilestone` (
  `projectmilestoneid` int(11) NOT NULL,
  `projectmilestonename` varchar(255) default NULL,
  `projectmilestone_no` varchar(100) default NULL,
  `projectmilestonedate` varchar(255) default NULL,
  `projectid` varchar(100) default NULL,
  `projectmilestonetype` varchar(100) default NULL,
  PRIMARY KEY  (`projectmilestoneid`)
) ENGINE=InnoDB DEFAULT CHARSET=utf8]]></sql>
</table>
<table>
<name>vtiger_projectmilestonecf</name>
<sql><![CDATA[CREATE TABLE `vtiger_projectmilestonecf` (
  `projectmilestoneid` int(11) NOT NULL default '0',
  PRIMARY KEY  (`projectmilestoneid`)
) ENGINE=InnoDB DEFAULT CHARSET=utf8]]></sql>
</table>
</tables>
<blocks>
<block>
<label>LBL_PROJECT_MILESTONE_INFORMATION</label>
<fields>
<field>
<fieldname>projectmilestonename</fieldname>
<uitype>2</uitype>
<columnname>projectmilestonename</columnname>
<tablename>vtiger_projectmilestone</tablename>
<generatedtype>1</generatedtype>
<fieldlabel>Project Milestone Name</fieldlabel>
<readonly>1</readonly>
<presence>2</presence>
<selected>0</selected>
<sequence>1</sequence>
<maximumlength>100</maximumlength>
<typeofdata>V~M</typeofdata>
<quickcreate>0</quickcreate>
<quickcreatesequence>1</quickcreatesequence>
<displaytype>1</displaytype>
<info_type>BAS</info_type>
<helpinfo><![CDATA[]]></helpinfo>
<masseditable>1</masseditable>
<entityidentifier>
<entityidfield>projectmilestoneid</entityidfield>
<entityidcolumn>projectmilestoneid</entityidcolumn>
</entityidentifier>
</field>
<field>
<fieldname>projectmilestonedate</fieldname>
<uitype>5</uitype>
<columnname>projectmilestonedate</columnname>
<tablename>vtiger_projectmilestone</tablename>
<generatedtype>1</generatedtype>
<fieldlabel>Milestone Date</fieldlabel>
<readonly>1</readonly>
<presence>2</presence>
<selected>0</selected>
<sequence>5</sequence>
<maximumlength>100</maximumlength>
<typeofdata>D~O</typeofdata>
<quickcreate>0</quickcreate>
<quickcreatesequence>3</quickcreatesequence>
<displaytype>1</displaytype>
<info_type>BAS</info_type>
<helpinfo><![CDATA[]]></helpinfo>
<masseditable>1</masseditable>
</field>
<field>
<fieldname>projectid</fieldname>
<uitype>10</uitype>
<columnname>projectid</columnname>
<tablename>vtiger_projectmilestone</tablename>
<generatedtype>1</generatedtype>
<fieldlabel>Related to</fieldlabel>
<readonly>1</readonly>
<presence>0</presence>
<selected>0</selected>
<sequence>4</sequence>
<maximumlength>100</maximumlength>
<typeofdata>V~M</typeofdata>
<quickcreate>0</quickcreate>
<quickcreatesequence>4</quickcreatesequence>
<displaytype>1</displaytype>
<info_type>BAS</info_type>
<helpinfo><![CDATA[]]></helpinfo>
<masseditable>1</masseditable>
<relatedmodules>
<relatedmodule>Project</relatedmodule>
</relatedmodules>
</field>
<field>
<fieldname>projectmilestonetype</fieldname>
<uitype>15</uitype>
<columnname>projectmilestonetype</columnname>
<tablename>vtiger_projectmilestone</tablename>
<generatedtype>1</generatedtype>
<fieldlabel>Type</fieldlabel>
<readonly>1</readonly>
<presence>2</presence>
<selected>0</selected>
<sequence>7</sequence>
<maximumlength>100</maximumlength>
<typeofdata>V~O</typeofdata>
<quickcreate>1</quickcreate>
<quickcreatesequence></quickcreatesequence>
<displaytype>1</displaytype>
<info_type>BAS</info_type>
<helpinfo><![CDATA[]]></helpinfo>
<masseditable>1</masseditable>
<picklistvalues>
<picklistvalue>--none--</picklistvalue>
<picklistvalue>administrative</picklistvalue>
<picklistvalue>operative</picklistvalue>
<picklistvalue>other</picklistvalue>
</picklistvalues>
</field>
<field>
<fieldname>assigned_user_id</fieldname>
<uitype>53</uitype>
<columnname>smownerid</columnname>
<tablename>vtiger_crmentity</tablename>
<generatedtype>1</generatedtype>
<fieldlabel>Assigned To</fieldlabel>
<readonly>1</readonly>
<presence>2</presence>
<selected>0</selected>
<sequence>6</sequence>
<maximumlength>100</maximumlength>
<typeofdata>V~M</typeofdata>
<quickcreate>0</quickcreate>
<quickcreatesequence>2</quickcreatesequence>
<displaytype>1</displaytype>
<info_type>BAS</info_type>
<helpinfo><![CDATA[]]></helpinfo>
<masseditable>1</masseditable>
</field>
<field>
<fieldname>projectmilestone_no</fieldname>
<uitype>4</uitype>
<columnname>projectmilestone_no</columnname>
<tablename>vtiger_projectmilestone</tablename>
<generatedtype>2</generatedtype>
<fieldlabel>Project Milestone No</fieldlabel>
<readonly>1</readonly>
<presence>0</presence>
<selected>0</selected>
<sequence>2</sequence>
<maximumlength>100</maximumlength>
<typeofdata>V~O</typeofdata>
<quickcreate>3</quickcreate>
<quickcreatesequence>4</quickcreatesequence>
<displaytype>1</displaytype>
<info_type>BAS</info_type>
<helpinfo><![CDATA[]]></helpinfo>
<masseditable>0</masseditable>
</field>
</fields>
</block>
<block>
<label>LBL_CUSTOM_INFORMATION</label>
<fields>
<field>
<fieldname>createdtime</fieldname>
<uitype>70</uitype>
<columnname>createdtime</columnname>
<tablename>vtiger_crmentity</tablename>
<generatedtype>1</generatedtype>
<fieldlabel>Created Time</fieldlabel>
<readonly>1</readonly>
<presence>2</presence>
<selected>0</selected>
<sequence>1</sequence>
<maximumlength>100</maximumlength>
<typeofdata>T~O</typeofdata>
<quickcreate>1</quickcreate>
<quickcreatesequence></quickcreatesequence>
<displaytype>2</displaytype>
<info_type>BAS</info_type>
<helpinfo><![CDATA[]]></helpinfo>
<masseditable>1</masseditable>
</field>
<field>
<fieldname>modifiedtime</fieldname>
<uitype>70</uitype>
<columnname>modifiedtime</columnname>
<tablename>vtiger_crmentity</tablename>
<generatedtype>1</generatedtype>
<fieldlabel>Modified Time</fieldlabel>
<readonly>1</readonly>
<presence>2</presence>
<selected>0</selected>
<sequence>2</sequence>
<maximumlength>100</maximumlength>
<typeofdata>T~O</typeofdata>
<quickcreate>1</quickcreate>
<quickcreatesequence></quickcreatesequence>
<displaytype>2</displaytype>
<info_type>BAS</info_type>
<helpinfo><![CDATA[]]></helpinfo>
<masseditable>1</masseditable>
</field>
</fields>
</block>
<block>
<label>LBL_DESCRIPTION_INFORMATION</label>
<fields>
<field>
<fieldname>description</fieldname>
<uitype>19</uitype>
<columnname>description</columnname>
<tablename>vtiger_crmentity</tablename>
<generatedtype>1</generatedtype>
<fieldlabel>description</fieldlabel>
<readonly>1</readonly>
<presence>2</presence>
<selected>0</selected>
<sequence>1</sequence>
<maximumlength>100</maximumlength>
<typeofdata>V~O</typeofdata>
<quickcreate>1</quickcreate>
<quickcreatesequence></quickcreatesequence>
<displaytype>1</displaytype>
<info_type>BAS</info_type>
<helpinfo><![CDATA[]]></helpinfo>
<masseditable>1</masseditable>
</field>
</fields>
</block>
</blocks>
<customviews>
<customview>
<viewname>All</viewname>
<setdefault>true</setdefault>
<setmetrics>false</setmetrics>
<fields>
<field>
<fieldname>projectmilestonename</fieldname>
<columnindex>0</columnindex>
</field>
<field>
<fieldname>projectmilestonedate</fieldname>
<columnindex>1</columnindex>
</field>
<field>
<fieldname>description</fieldname>
<columnindex>3</columnindex>
</field>
<field>
<fieldname>createdtime</fieldname>
<columnindex>4</columnindex>
</field>
<field>
<fieldname>modifiedtime</fieldname>
<columnindex>5</columnindex>
</field>
</fields>
</customview>
</customviews>
<sharingaccess>
<default>public_readwritedelete</default>
</sharingaccess>
<actions>
<action>
<name><![CDATA[Import]]></name>
<status>enabled</status>
</action>
<action>
<name><![CDATA[Export]]></name>
<status>enabled</status>
</action>
<action>
<name><![CDATA[DuplicatesHandling]]></name>
<status>enabled</status>
</action>
</actions>
</module>
